srno,user_auto_plus,email 
2001,mB6cZU4azyzjlRcNnevIxw%3D%3D, 30mayloadtestlive2801@test.com 
2002,p2AQSGHyJj2oWVJETZkqCQ%3D%3D, 30mayloadtestlive2802@test.com 
2003,GXjfm%2BmsnZZaDISTUNer5Q%3D%3D, 30mayloadtestlive2803@test.com 
2004,acv8tmoyKAUpHLjjpE5bgQ%3D%3D, 30mayloadtestlive2804@test.com 
2005,wfiudNcm%2BlYUsGHbxGHmWA%3D%3D, 30mayloadtestlive2805@test.com 
2006,mNsdR63Da1VC%2FNIy4xXKZg%3D%3D, 30mayloadtestlive2806@test.com 
2007,WZ0iiHB3L3tj84gXUtibxQ%3D%3D, 30mayloadtestlive2807@test.com 
2008,rE8RwQg0XluohCT0aQQyIA%3D%3D, 30mayloadtestlive2808@test.com 
2009,gbwp5nl0VjL38oDu2KPlTg%3D%3D, 30mayloadtestlive2809@test.com 
2010,nMRJF9io7dPBvcGjwyDR1A%3D%3D, 30mayloadtestlive280@test.com  
2011,ZruQLE3mgBEfpeVZV8AB9Q%3D%3D, 30mayloadtestlive2810@test.com 
2012,o5L0kLAzEK%2BURvx1uk%2FDVQ%3D%3D, 30mayloadtestlive2811@test.com 
2013,v5nkVvefhmSRXe2jsLYMKQ%3D%3D, 30mayloadtestlive2812@test.com 
2014,Oz5Ve5LBDYKfovUbnUbcqQ%3D%3D, 30mayloadtestlive2813@test.com 
2015,0xRlAlKkfYZiNQ08ZLiR6w%3D%3D, 30mayloadtestlive2814@test.com 
2016,vuZyhwQH6U62qWJygaTvxA%3D%3D, 30mayloadtestlive2815@test.com 
2017,EZ8zipiiz%2FtFtUcfdXiPsA%3D%3D, 30mayloadtestlive2816@test.com 
2018,xeDtzdJrCg7h6EEk%2Fpc%2B%2Bg%3D%3D, 30mayloadtestlive2817@test.com 
2019,htLzELfzON1HMScbdORlew%3D%3D, 30mayloadtestlive2818@test.com 
2020,ZixRqR5%2FCvOiRFRuml3JxA%3D%3D, 30mayloadtestlive2819@test.com 
2021,SRddvUtmllsn5cftjDyoPA%3D%3D, 30mayloadtestlive281@test.com  
2022,jGmRvN0Hx%2F0oOUIClcO%2F6g%3D%3D, 30mayloadtestlive2820@test.com 
2023,gMBrznmHm8YOf3fe3MOFuw%3D%3D, 30mayloadtestlive2821@test.com 
2024,5PgD6kRvRPLHiK1oWELSOQ%3D%3D, 30mayloadtestlive2822@test.com 
2025,yBTHOqFRVmeqXhiSZGFY5g%3D%3D, 30mayloadtestlive2823@test.com 
2026,Ov3emMjXET%2BSHvNggSsw%2Bg%3D%3D, 30mayloadtestlive2824@test.com 
2027,%2BCFvyUR8zV7x3rfojRX4vw%3D%3D, 30mayloadtestlive2825@test.com 
2028,nWA0OrV1Jyo7nNJH5hIEpg%3D%3D, 30mayloadtestlive2826@test.com 
2029,63UcAWcCNEjMdq4306aifA%3D%3D, 30mayloadtestlive2827@test.com 
2030,UGcLQE1%2FGfepERZFNCgnFQ%3D%3D, 30mayloadtestlive2828@test.com 
2031,a%2Ff%2BeG9q43TfqkNGIxbk4g%3D%3D, 30mayloadtestlive2829@test.com 
2032,cD6C9b%2B0ezSsxohUnTUZ7A%3D%3D, 30mayloadtestlive282@test.com  
2033,%2FcGhTp2sELDwkaa2ff2yCQ%3D%3D, 30mayloadtestlive2830@test.com 
2034,WeP8TgybmcKmSslCxWmXkQ%3D%3D, 30mayloadtestlive2831@test.com 
2035,2hCm%2F6aK0c2uV9xUwqlwDg%3D%3D, 30mayloadtestlive2832@test.com 
2036,7d72pFAHTIerwDaJPglJxg%3D%3D, 30mayloadtestlive2833@test.com 
2037,HK5zdjHnBFyI9zZjaKBB6g%3D%3D, 30mayloadtestlive2834@test.com 
2038,OJ5lGyjQHcBldRi7CCOkVg%3D%3D, 30mayloadtestlive2835@test.com 
2039,DTIZ28np26ffjAm2xIyv0A%3D%3D, 30mayloadtestlive2836@test.com 
2040,SUfGYh%2BHaieUtsC3gdfiyA%3D%3D, 30mayloadtestlive2837@test.com 
2041,TBtMzZnDSTCrVLrvbg9gNQ%3D%3D, 30mayloadtestlive2838@test.com 
2042,kEsS0OBYrrcUz2rgLWQjrg%3D%3D, 30mayloadtestlive2839@test.com 
2043,XUgUjdPhZeLUl0n8sPwYEQ%3D%3D, 30mayloadtestlive283@test.com  
2044,3CZYs8JV7J%2BusyLhPp5Nmw%3D%3D, 30mayloadtestlive2840@test.com 
2045,HFSrXrhZRRrtRjqry5VnNQ%3D%3D, 30mayloadtestlive2841@test.com 
2046,AZgWeIeP5%2FW7GKNyQmJ7Ig%3D%3D, 30mayloadtestlive2842@test.com 
2047,bgRjK0vs%2B4Vx6EevjeP1vw%3D%3D, 30mayloadtestlive2843@test.com 
2048,sg24TCxpn9LdcRoKu9vHOg%3D%3D, 30mayloadtestlive2844@test.com 
2049,yi5evqBXm5kAi06tWK%2FeGA%3D%3D, 30mayloadtestlive2845@test.com 
2050,U8DlBV%2FYg%2BQlShyrF0l%2FeQ%3D%3D, 30mayloadtestlive2846@test.com 
2051,BtTtItXYuy%2BD3VdI0KY%2Bgw%3D%3D, 30mayloadtestlive2847@test.com 
2052,Nm3hIt2PuAGA4VIEAuo13w%3D%3D, 30mayloadtestlive2848@test.com 
2053,Wuqv%2FU%2BwyRUzmubR8nscmQ%3D%3D, 30mayloadtestlive2849@test.com 
2054,kKxQwT3cQxxqqKRe%2FxgV9Q%3D%3D, 30mayloadtestlive284@test.com  
2055,vKmn9oRf3RqOzuYXvSW8KA%3D%3D, 30mayloadtestlive2850@test.com 
2056,Yz6LKPiX5rGb7n0Qv7RS9Q%3D%3D, 30mayloadtestlive2851@test.com 
2057,IvcjayQPcqn08IrTMmgQdQ%3D%3D, 30mayloadtestlive2852@test.com 
2058,dKF8dBEL0i5rwgTYkMMDDw%3D%3D, 30mayloadtestlive2853@test.com 
2059,PvnFVj71wOQgppIO%2B%2FqckQ%3D%3D, 30mayloadtestlive2854@test.com 
2060,fg6aex2PcNylQemD%2B3RjMg%3D%3D, 30mayloadtestlive2855@test.com 
2061,ZEmvTDqD1ghF%2B%2FOt3EukjQ%3D%3D, 30mayloadtestlive2856@test.com 
2062,Inxcz0Qq9XDkHKdSVR7ppQ%3D%3D, 30mayloadtestlive2857@test.com 
2063,W1rsI661aGyt%2F920GOeshA%3D%3D, 30mayloadtestlive2858@test.com 
2064,8fBLBsmjcterA%2B0LknJlQg%3D%3D, 30mayloadtestlive2859@test.com 
2065,VI%2FToQe1OMLLms2zGLhk2g%3D%3D, 30mayloadtestlive285@test.com  
2066,2G%2B3%2Bml780ERMZrTjtKpJQ%3D%3D, 30mayloadtestlive2860@test.com 
2067,X0jyGt9leO4BBqhN50GQMA%3D%3D, 30mayloadtestlive2861@test.com 
2068,%2BuWHSHzOWCgJMEYpzw2WSA%3D%3D, 30mayloadtestlive2862@test.com 
2069,wdhaWYdBMi9nkuIufEvvpw%3D%3D, 30mayloadtestlive2863@test.com 
2070,R6EWRkYFQ%2Fa2yMNYMVGpMQ%3D%3D, 30mayloadtestlive2864@test.com 
2071,NpNr9PgxR50eR81V0k9y6g%3D%3D, 30mayloadtestlive2865@test.com 
2072,ZzsjLvQojV3DPF7c9sFFuw%3D%3D, 30mayloadtestlive2866@test.com 
2073,D30%2Fmlq%2BDbciHYPb%2BlYm2Q%3D%3D, 30mayloadtestlive2867@test.com 
2074,pZEMrytln0VI6krBeOcplA%3D%3D, 30mayloadtestlive2868@test.com 
2075,qcSa6CnuI7%2FhiHXNd8EV4Q%3D%3D, 30mayloadtestlive2869@test.com 
2076,upTGH%2FQNT6NJ69qBjVYYaA%3D%3D, 30mayloadtestlive286@test.com  
2077,8lv2iRrvYuo3bLsR5hgExQ%3D%3D, 30mayloadtestlive2870@test.com 
2078,kUtj8b2wXN4lcfD%2FfW9%2Fzw%3D%3D, 30mayloadtestlive2871@test.com 
2079,VABsOO1sgnUhjCizBYl9Cg%3D%3D, 30mayloadtestlive2872@test.com 
2080,fybUv1oGN1NYOwB2nOUc2g%3D%3D, 30mayloadtestlive2873@test.com 
2081,TzjcJ5XZf5N3IJ6vwcsu1w%3D%3D, 30mayloadtestlive2874@test.com 
2082,1v4W7%2BxwmgWJMn7GXJJ7gg%3D%3D, 30mayloadtestlive2875@test.com 
2083,aAq9Z%2BOjISq1wIBdIwtO8w%3D%3D, 30mayloadtestlive2876@test.com 
2084,LOK6rUiQoP8TXxt78ghn5w%3D%3D, 30mayloadtestlive2877@test.com 
2085,grEDH4ZAVU2tHmLZqeGH7Q%3D%3D, 30mayloadtestlive2878@test.com 
2086,bZLHeC2skPUhfYLBylbT%2Fw%3D%3D, 30mayloadtestlive2879@test.com 
2087,GJfC8g%2FTioqfuuzuYJLgFg%3D%3D, 30mayloadtestlive287@test.com  
2088,rVx7giNn9cENang1wj2eQQ%3D%3D, 30mayloadtestlive2880@test.com 
2089,dGUWrBPY7JTodnyv7XSQJg%3D%3D, 30mayloadtestlive2881@test.com 
2090,sZ%2Bw1O80ceoR1hvsdlz36g%3D%3D, 30mayloadtestlive2882@test.com 
2091,5TrSzKWuUgAdhHvipWkzEA%3D%3D, 30mayloadtestlive2883@test.com 
2092,IFAyNqp%2B1LjLH3v913DSxw%3D%3D, 30mayloadtestlive2884@test.com 
2093,m9X8qz%2Fp0k%2F26tFdshdU2A%3D%3D, 30mayloadtestlive2885@test.com 
2094,zGXCXDRDoqNbwMM%2BBtdDOQ%3D%3D, 30mayloadtestlive2886@test.com 
2095,4UBoHqTDbNyty6pJ4d8CwA%3D%3D, 30mayloadtestlive2887@test.com 
2096,BqBOCXkMCtCFuMiN7%2B6wZA%3D%3D, 30mayloadtestlive2888@test.com 
2097,Tf%2B622g6GHZ2anh72hQs1Q%3D%3D, 30mayloadtestlive2889@test.com 
2098,pn9bjDnRz7EZqQp7DYJvcg%3D%3D, 30mayloadtestlive288@test.com  
2099,7RLkJrx4GlWu1h1z8BhqtA%3D%3D, 30mayloadtestlive2890@test.com 
2100,IUY8AYZcP%2BBd4Khb8iM4Zg%3D%3D, 30mayloadtestlive2891@test.com 
2101,gbGeF72927bWbd7h4jUOQQ%3D%3D, 30mayloadtestlive2892@test.com 
2102,wMC8DehWqeHKxSdDDKiWLA%3D%3D, 30mayloadtestlive2893@test.com 
2103,H3Is7zC51qtqaibAvFujiA%3D%3D, 30mayloadtestlive2894@test.com 
2104,WzHqwbkBiq9vZ7JhRa6u2w%3D%3D, 30mayloadtestlive2895@test.com 
2105,E3UmbSZzbp6IaD2yDV3IuA%3D%3D, 30mayloadtestlive2896@test.com 
2106,%2FTV7kuV3wKb01tMxjiwjgg%3D%3D, 30mayloadtestlive2897@test.com 
2107,ipGlNP2GU0n%2FaaKHFx7vqg%3D%3D, 30mayloadtestlive2898@test.com 
2108,XCrI%2BlUaYSJE3yYih666OA%3D%3D, 30mayloadtestlive2899@test.com 
2109,q1B85UhuThHOFf3iuT%2Frtg%3D%3D, 30mayloadtestlive289@test.com  
2110,nUdat4CjuHPcBsGagxGSDg%3D%3D, 30mayloadtestlive28@test.com   
2111,FDaO7t%2BsQgFZUJ%2BklWK7lA%3D%3D, 30mayloadtestlive2900@test.com 
2112,wApMHdbi%2Fw5LgEdeHpuIkA%3D%3D, 30mayloadtestlive2901@test.com 
2113,mM1IAEn1AZ%2BGRTOf25mw1A%3D%3D, 30mayloadtestlive2902@test.com 
2114,3wxzGyCQOrfzIQTgyQCp1g%3D%3D, 30mayloadtestlive2903@test.com 
2115,ATBh%2Bhk1J5qJukQJRHVKyA%3D%3D, 30mayloadtestlive2904@test.com 
2116,eZbMS9UiBIlazA55NIvq0g%3D%3D, 30mayloadtestlive2905@test.com 
2117,oqM%2BzQNk%2BgzO2tUACuxWCg%3D%3D, 30mayloadtestlive2906@test.com 
2118,Hwedv6YH6y%2BRuOWoxjnWew%3D%3D, 30mayloadtestlive2907@test.com 
2119,mAyNK4gKlki06INy%2B0hlCA%3D%3D, 30mayloadtestlive2908@test.com 
2120,CeJSvfhnjRZQ5dIcOwydkg%3D%3D, 30mayloadtestlive2909@test.com 
2121,sa0RYb1PKuHU75fXaWr4Tg%3D%3D, 30mayloadtestlive290@test.com  
2122,5%2FNtCsNOhNARGIGl3ozJMw%3D%3D, 30mayloadtestlive2910@test.com 
2123,wWeGYq9pWncxMfaTj454pg%3D%3D, 30mayloadtestlive2911@test.com 
2124,h0529L3bhaOElfQrASAvCg%3D%3D, 30mayloadtestlive2912@test.com 
2125,GA%2BtFmFQfAm2yJJngxwrgg%3D%3D, 30mayloadtestlive2913@test.com 
2126,wjD8ExUV8bnqGPpsZBjc4A%3D%3D, 30mayloadtestlive2914@test.com 
2127,KuMV7wCwLyC7lMmczoYehg%3D%3D, 30mayloadtestlive2915@test.com 
2128,0SJzHhreIWlpez%2FYjsrkLQ%3D%3D, 30mayloadtestlive2916@test.com 
2129,Lj7xWRgk%2F3iO4vuyeeveBA%3D%3D, 30mayloadtestlive2917@test.com 
2130,NSOmYF9TFh8h7W8DkJ6E2A%3D%3D, 30mayloadtestlive2918@test.com 
2131,XwVbrxlhL5Py1Qyne8ELhg%3D%3D, 30mayloadtestlive2919@test.com 
2132,GD3BxuvqsYqp2C5uDv2Bzg%3D%3D, 30mayloadtestlive291@test.com  
2133,KfIHzNwVMwYHpn%2B9kxsIVA%3D%3D, 30mayloadtestlive2920@test.com 
2134,3sf4MfOIKG9Yo4xL%2F49Gfw%3D%3D, 30mayloadtestlive2921@test.com 
2135,zs5%2BWcS9l1dLPb8wckFCJA%3D%3D, 30mayloadtestlive2922@test.com 
2136,kT%2Bl7prv%2FBf8eAICoVbefA%3D%3D, 30mayloadtestlive2923@test.com 
2137,nLSLJLI53fmY78ImzBbYeA%3D%3D, 30mayloadtestlive2924@test.com 
2138,iTvySalZWlT8JIAgz%2Bt0Yg%3D%3D, 30mayloadtestlive2925@test.com 
2139,OqXx4duMzXYoVFMgDbuKXQ%3D%3D, 30mayloadtestlive2926@test.com 
2140,m3PN%2B6AVTvujBdcQeNVXgA%3D%3D, 30mayloadtestlive2927@test.com 
2141,Gxh4Jdk%2B7HdqUNYtRlqpDQ%3D%3D, 30mayloadtestlive2928@test.com 
2142,Z9jy3ctfPjpg3pmJ9KmUeQ%3D%3D, 30mayloadtestlive2929@test.com 
2143,GqsO9e4gSc6sO2pVDeh%2FYw%3D%3D, 30mayloadtestlive292@test.com  
2144,e1BSab6nEo64s9s6ScwTvQ%3D%3D, 30mayloadtestlive2930@test.com 
2145,lkWaEYjU9ylbIt2Ym4DFHg%3D%3D, 30mayloadtestlive2931@test.com 
2146,4zPKlEPVzeOxaSu5D7sWTw%3D%3D, 30mayloadtestlive2932@test.com 
2147,qjBb86mlbHCyD893hbb9fw%3D%3D, 30mayloadtestlive2933@test.com 
2148,kKfzvV92%2FXChXW8EIEDM5Q%3D%3D, 30mayloadtestlive2934@test.com 
2149,T4isGmQ0hhUtiuWa8t%2B9xw%3D%3D, 30mayloadtestlive2935@test.com 
2150,XPcSsGjoc2arDhb4AdxuQQ%3D%3D, 30mayloadtestlive2936@test.com 
2151,xbhusZBkdzgKMasVcdhMTg%3D%3D, 30mayloadtestlive2937@test.com 
2152,ls2%2FNuVx6Jyq6LpakGtuNw%3D%3D, 30mayloadtestlive2938@test.com 
2153,O%2B3jrGM6tUP1Dg4qaLiODA%3D%3D, 30mayloadtestlive2939@test.com 
2154,T6PK9GpQSnk2t%2FDuEBfYzg%3D%3D, 30mayloadtestlive293@test.com  
2155,CW9CYqb1b5CkHf0uc%2FHH8A%3D%3D, 30mayloadtestlive2940@test.com 
2156,mK%2B2XL1jhPibVHA2C%2Fcoow%3D%3D, 30mayloadtestlive2941@test.com 
2157,k5ZumLsgfiG47ICqUh1xGA%3D%3D, 30mayloadtestlive2942@test.com 
2158,S5Ns%2F%2FG1IBXrlcsys05HBA%3D%3D, 30mayloadtestlive2943@test.com 
2159,hgVDg9NkhdGoD0pv08ORrg%3D%3D, 30mayloadtestlive2944@test.com 
2160,Si8bUujHamCfyrDJPL18lg%3D%3D, 30mayloadtestlive2945@test.com 
2161,bAvcZ%2FKxKsP%2BZpS8sr11PA%3D%3D, 30mayloadtestlive2946@test.com 
2162,E%2BGU2haBce%2F4YYj8xJExUQ%3D%3D, 30mayloadtestlive2947@test.com 
2163,VX%2FPwTylczLvTxRn4pmo7g%3D%3D, 30mayloadtestlive2948@test.com 
2164,KW%2BfQTkfbtqHTdIkIsRYcA%3D%3D, 30mayloadtestlive2949@test.com 
2165,J86GbwP5rjRsR4uhwvngdg%3D%3D, 30mayloadtestlive294@test.com  
2166,QxBZj9XsLK07tKzxYho%2Bzw%3D%3D, 30mayloadtestlive2950@test.com 
2167,mGq4Qidn2IJXnx2AyNGYJA%3D%3D, 30mayloadtestlive2951@test.com 
2168,%2F0j9MVhiwsTCh0bCMDfTpQ%3D%3D, 30mayloadtestlive2952@test.com 
2169,PP0QB5pfFEQ%2B93VcNIb7dw%3D%3D, 30mayloadtestlive2953@test.com 
2170,bVbvpSrmInE%2F3tlM3endsQ%3D%3D, 30mayloadtestlive2954@test.com 
2171,BJytGfUvmoB9yQdmt90bQA%3D%3D, 30mayloadtestlive2955@test.com 
2172,nZYP2IChpJ10jzX92f7QTQ%3D%3D, 30mayloadtestlive2956@test.com 
2173,C%2FNfteWIpmuv7myGHXUmRQ%3D%3D, 30mayloadtestlive2957@test.com 
2174,3EgftsYnrUnTuUY4XFSV2A%3D%3D, 30mayloadtestlive2958@test.com 
2175,FkaXbOIPu%2Bu%2B4OTMIDus8w%3D%3D, 30mayloadtestlive2959@test.com 
2176,yB12A3W4NVci%2B4Xb%2FtZq6w%3D%3D, 30mayloadtestlive295@test.com  
2177,mnAzUns8Lcsfb%2Fw40Vm0IA%3D%3D, 30mayloadtestlive2960@test.com 
2178,7nsyS3iEUIavENSF7ua26w%3D%3D, 30mayloadtestlive2961@test.com 
2179,RoDOhsFWmB%2B6V1IkllXUrg%3D%3D, 30mayloadtestlive2962@test.com 
2180,lqK2VaDktfzQWkxEiQZvCw%3D%3D, 30mayloadtestlive2963@test.com 
2181,j5hQA2j9de2qPDXIp8a5XQ%3D%3D, 30mayloadtestlive2964@test.com 
2182,8TM%2B%2BNB5nwOVTwFz46JaCw%3D%3D, 30mayloadtestlive2965@test.com 
2183,Djn0LMokClUaumzda%2BERyg%3D%3D, 30mayloadtestlive2966@test.com 
2184,Xn7UdW9D5AUW31is%2FZdAnw%3D%3D, 30mayloadtestlive2967@test.com 
2185,tWXbIBl3z5%2Bzg74KDYKmdg%3D%3D, 30mayloadtestlive2968@test.com 
2186,%2BnvWVToPBUDKswG%2BaJeX0A%3D%3D, 30mayloadtestlive2969@test.com 
2187,gZwkTraazgbG8rG3GNbHuA%3D%3D, 30mayloadtestlive296@test.com  
2188,Qm5wGZr0VbcE8PcttlvpsQ%3D%3D, 30mayloadtestlive2970@test.com 
2189,B0jU9JX%2B%2BuZOrHlG13f7kA%3D%3D, 30mayloadtestlive2971@test.com 
2190,hKeUmPvD2yRcXsHLrz7pSg%3D%3D, 30mayloadtestlive2972@test.com 
2191,h0al15IpL7S%2B%2FraW4WOvlQ%3D%3D, 30mayloadtestlive2973@test.com 
2192,Vpmw3%2B3GPQPgJl%2FJThfmBQ%3D%3D, 30mayloadtestlive2974@test.com 
2193,2RBT4N3gKQkci0NrCgTPfg%3D%3D, 30mayloadtestlive2975@test.com 
2194,PFqOWYWrsNBVaDSNvjaOaQ%3D%3D, 30mayloadtestlive2976@test.com 
2195,sz%2B9J9666o4TZ%2FALusa5MQ%3D%3D, 30mayloadtestlive2977@test.com 
2196,rIdZ0KcA0krPvckwMu81uQ%3D%3D, 30mayloadtestlive2978@test.com 
2197,QITjhssRhPZUQ84AqAhNhg%3D%3D, 30mayloadtestlive2979@test.com 
2198,RPEsZmpvgwgreVIVJJVh5w%3D%3D, 30mayloadtestlive297@test.com  
2199,LO5CgoJF3MQRpdlFqnqmdQ%3D%3D, 30mayloadtestlive2980@test.com 
2200,h3mmnQ9D%2FK1NRkIFXqhM4g%3D%3D, 30mayloadtestlive2981@test.com 
2201,ODJW%2FNpnSyTS7u%2F7e9VN5g%3D%3D, 30mayloadtestlive2982@test.com 
2202,s7xdN6YkXsX6P6zEMuTqFw%3D%3D, 30mayloadtestlive2983@test.com 
2203,OuSdNivOAjvnQFhztTJtAw%3D%3D, 30mayloadtestlive2984@test.com 
2204,qUUQpWshiv1eeCyI%2Fuh%2F0w%3D%3D, 30mayloadtestlive2985@test.com 
2205,W%2FfIHgm6rWcBpfFAElajxQ%3D%3D, 30mayloadtestlive2986@test.com 
2206,EtmGuLDoDfGp%2FkYh47W2Lg%3D%3D, 30mayloadtestlive2987@test.com 
2207,4ledv6qrNz3so4PHZhpD4A%3D%3D, 30mayloadtestlive2988@test.com 
2208,HWXdm6V8TkY8vLZlV9U%2B4A%3D%3D, 30mayloadtestlive2989@test.com 
2209,LkGoNHq4LM8WDRVvhIU8jw%3D%3D, 30mayloadtestlive298@test.com  
2210,9iy1B4FvZMR7aqMLvcROPg%3D%3D, 30mayloadtestlive2990@test.com 
2211,%2B8slvDnhvcyfQaPh%2FdK3oQ%3D%3D, 30mayloadtestlive2991@test.com 
2212,aPDbyNKeOeO65qLbVGDF%2FA%3D%3D, 30mayloadtestlive2992@test.com 
2213,Q66Wggi0FInluvCEcLpo3A%3D%3D, 30mayloadtestlive2993@test.com 
2214,6yiDfu%2BPVuIGdHFoI7D7VA%3D%3D, 30mayloadtestlive2994@test.com 
2215,Ibq1QDP1haJDy2HgTc%2FsFA%3D%3D, 30mayloadtestlive2995@test.com 
2216,z9sMV2Nl62nvW21G%2B2StEw%3D%3D, 30mayloadtestlive2996@test.com 
2217,6JOnvxdFFI0XjsQQ4gdcxg%3D%3D, 30mayloadtestlive2997@test.com 
2218,bp7XfL%2FyA%2FVPl3TDOAlYOw%3D%3D, 30mayloadtestlive2998@test.com 
2219,COwUwh5cm6Am%2FoDSooMSYg%3D%3D, 30mayloadtestlive2999@test.com 
2220,nxicrfqWOX%2FLJF1JYWxORA%3D%3D, 30mayloadtestlive299@test.com  
2221,d5XKW6tFpxOxhHs9VTWjbg%3D%3D, 30mayloadtestlive29@test.com   
2222,FI6wABSK3uUQTS7k0LYIhQ%3D%3D, 30mayloadtestlive2@test.com    
2223,kNHPmTWdK%2BT3JeKEyIHMiQ%3D%3D, 30mayloadtestlive3000@test.com 
2224,7PagGapv%2F3iTiS0v5Ep2OQ%3D%3D, 30mayloadtestlive3001@test.com 
2225,GuYK6kyiS3Sng6R8Jyck1Q%3D%3D, 30mayloadtestlive3002@test.com 
2226,yf2rcgWufMi%2FyfZFjM8X0g%3D%3D, 30mayloadtestlive3003@test.com 
2227,76ExoURGZ5%2FIJxzBtbP9VA%3D%3D, 30mayloadtestlive3004@test.com 
2228,o6fOS76usm583QxUobDiXw%3D%3D, 30mayloadtestlive3005@test.com 
2229,KJwckYXRClU8AmfYUUVVtg%3D%3D, 30mayloadtestlive3006@test.com 
2230,q6ywcv6NdfJOMx2lld2YxQ%3D%3D, 30mayloadtestlive3007@test.com 
2231,WNyIs5awOkrYYT%2FuICsEfA%3D%3D, 30mayloadtestlive3008@test.com 
2232,8XICAqqARhR%2FdnA9OTVjqA%3D%3D, 30mayloadtestlive3009@test.com 
2233,nBzopkJiGjOkJQD16rmlKw%3D%3D, 30mayloadtestlive300@test.com  
2234,83TcOk%2FH5igcz5jvAqZiTw%3D%3D, 30mayloadtestlive3010@test.com 
2235,Z6G2MpA9ryjfqTleEg9Seg%3D%3D, 30mayloadtestlive3011@test.com 
2236,KPSiNX80yAbh0FNTQzjEOw%3D%3D, 30mayloadtestlive3012@test.com 
2237,zik9Z6U2oQnn4OgUIAJs1A%3D%3D, 30mayloadtestlive3013@test.com 
2238,RiGjkfJLKX2i76JFdrDGRg%3D%3D, 30mayloadtestlive3014@test.com 
2239,mPXuX94vCXPANfQRs3pngA%3D%3D, 30mayloadtestlive3015@test.com 
2240,%2FVteNqXghEVJIkTCRCjZLQ%3D%3D, 30mayloadtestlive3016@test.com 
2241,OXedsI7RdTPpdr0hy%2Bm4KQ%3D%3D, 30mayloadtestlive3017@test.com 
2242,c55cMn3iTJfL2fJhG9MZwg%3D%3D, 30mayloadtestlive3018@test.com 
2243,6rNMrR5euD7fSg%2BSbjUxYQ%3D%3D, 30mayloadtestlive3019@test.com 
2244,wTetUAR5Wv0nt3sHzyNZ%2FQ%3D%3D, 30mayloadtestlive301@test.com  
2245,WvOGGB59IZg5EkjBdPx92A%3D%3D, 30mayloadtestlive3020@test.com 
2246,%2B9IrXPyQzVuO8Xj%2Fr7yt%2Fw%3D%3D, 30mayloadtestlive3021@test.com 
2247,VzL6X%2FcpAGaz5eSOhnLcSg%3D%3D, 30mayloadtestlive3022@test.com 
2248,KLc%2BdYuFlIsm%2F3wBFRmhVg%3D%3D, 30mayloadtestlive3023@test.com 
2249,TovqMSyAT%2FpN4pv%2B9%2FnENA%3D%3D, 30mayloadtestlive3024@test.com 
2250,9PTU8ruybo4bHjblrqllww%3D%3D, 30mayloadtestlive3025@test.com 
2251,pY4suKB6Wcpq5nlFAaoV%2BA%3D%3D, 30mayloadtestlive3026@test.com 
2252,IFmToBLp4PCZk2%2F8cCM0yQ%3D%3D, 30mayloadtestlive3027@test.com 
2253,JDFzgWj4W%2FbMQd%2FV4Pd29w%3D%3D, 30mayloadtestlive3028@test.com 
2254,sRLRpZQkHU4G70NS3pcqNA%3D%3D, 30mayloadtestlive3029@test.com 
2255,sDA0IKvzePrxXaZipUDDUg%3D%3D, 30mayloadtestlive302@test.com  
2256,p3hsYPGMqYUdFohTLlf8Lw%3D%3D, 30mayloadtestlive3030@test.com 
2257,eF5iDMdY3UREpI0fRQpYlg%3D%3D, 30mayloadtestlive3031@test.com 
2258,9V%2FbBO4rVX%2FTA4Y%2BpnUKDg%3D%3D, 30mayloadtestlive3032@test.com 
2259,Fpiq9vzIBBfwqXHMjBoLyg%3D%3D, 30mayloadtestlive3033@test.com 
2260,opcrgfvciGRd4%2BVcItYKBA%3D%3D, 30mayloadtestlive3034@test.com 
2261,LclvXX1Lfvry0QmV424ZjA%3D%3D, 30mayloadtestlive3035@test.com 
2262,emJGwYPuzgB9%2Bu6zZEiyhQ%3D%3D, 30mayloadtestlive3036@test.com 
2263,FbJruL%2B2fVkNPwQG%2BYZ3Fw%3D%3D, 30mayloadtestlive3037@test.com 
2264,rEtLVLIbb97DamJtPD7DWQ%3D%3D, 30mayloadtestlive3038@test.com 
2265,BMaDejGWpbDMaMSNK9aAvQ%3D%3D, 30mayloadtestlive3039@test.com 
2266,51W%2BkSjwShd1hw%2FKYCFA9Q%3D%3D, 30mayloadtestlive303@test.com  
2267,ZANM6VLP8D1rUfurSPLP0w%3D%3D, 30mayloadtestlive3040@test.com 
2268,eNnmzheec8M4HKa0qbWFiw%3D%3D, 30mayloadtestlive3041@test.com 
2269,KPsRR2kLbXyxCU4LqIRuOg%3D%3D, 30mayloadtestlive3042@test.com 
2270,xGkDaH9gavExeDLjRSsISg%3D%3D, 30mayloadtestlive3043@test.com 
2271,DMVNoaO%2By8tmyTCRKRTcZA%3D%3D, 30mayloadtestlive3044@test.com 
2272,BFFS6qqTb0nSKftxO2jvzA%3D%3D, 30mayloadtestlive3045@test.com 
2273,g4VdXTfJysuDO6xEJCrbAg%3D%3D, 30mayloadtestlive3046@test.com 
2274,OeXAo8MlAGEzhWLWpGnenA%3D%3D, 30mayloadtestlive3047@test.com 
2275,%2B3jApIHsgz4Hz%2B9kkjhKwg%3D%3D, 30mayloadtestlive3048@test.com 
2276,TdLORA68PgZIzTfKpLfobw%3D%3D, 30mayloadtestlive3049@test.com 
2277,CpVG7D7glWpoRaaAquZvJg%3D%3D, 30mayloadtestlive304@test.com  
2278,SGZ%2FGUy6qxJ8awyIP8YtSg%3D%3D, 30mayloadtestlive3050@test.com 
2279,pceaj2%2BRtEmNUpkEUTS%2FRw%3D%3D, 30mayloadtestlive3051@test.com 
2280,eqYKbkkjMnTyF8bHqQYWpQ%3D%3D, 30mayloadtestlive3052@test.com 
2281,AUNm8D5N8aJWb42SgxAjPQ%3D%3D, 30mayloadtestlive3053@test.com 
2282,C7WjyQBnzlf%2FBbN4bmu%2FcQ%3D%3D, 30mayloadtestlive3054@test.com 
2283,cVyfNu3qDspzU6KgFD6o8g%3D%3D, 30mayloadtestlive3055@test.com 
2284,0U7j2NaHqGhL4DDqWbN65Q%3D%3D, 30mayloadtestlive3056@test.com 
2285,9fminGUDuTHC4O6r3raz2w%3D%3D, 30mayloadtestlive3057@test.com 
2286,8ioix2oUmm5%2FACP5XJNNPQ%3D%3D, 30mayloadtestlive3058@test.com 
2287,nvQLs0aBFFgmWJHauJ8HpA%3D%3D, 30mayloadtestlive3059@test.com 
2288,Nb6DHfJMMrmSdcBjbY83Jg%3D%3D, 30mayloadtestlive305@test.com  
2289,EeMJGnYhHLa95UeHTiAsow%3D%3D, 30mayloadtestlive3060@test.com 
2290,1evyequ2VFdMnjZubmYAsw%3D%3D, 30mayloadtestlive3061@test.com 
2291,71PcRo2yLPfWdH8D1RVLWg%3D%3D, 30mayloadtestlive3062@test.com 
2292,Ir9ShukD1eOItAg8KpdjdA%3D%3D, 30mayloadtestlive3063@test.com 
2293,NximfY31PobFZxOT12xonw%3D%3D, 30mayloadtestlive3064@test.com 
2294,VFmwiW9SJ2mCqxZs%2FChk5A%3D%3D, 30mayloadtestlive3065@test.com 
2295,oDmMRxjIeWVnO4E%2FIfdLOQ%3D%3D, 30mayloadtestlive3066@test.com 
2296,nMvARjHus5PutwQf%2B9PxmA%3D%3D, 30mayloadtestlive3067@test.com 
2297,I%2BK5N8NLnxMrX4b%2BHV5E%2Fg%3D%3D, 30mayloadtestlive3068@test.com 
2298,FOGP0K3VC8Gx2ovDarmXHQ%3D%3D, 30mayloadtestlive3069@test.com 
2299,YlSUkJBaUiOl5Wm%2F5JyFnQ%3D%3D, 30mayloadtestlive306@test.com  
2300,qoGUbvpNwowQOcJcmuV9gg%3D%3D, 30mayloadtestlive3070@test.com 
2301,Bdi6%2B%2BnRTCn2KH0B3MmthQ%3D%3D, 30mayloadtestlive3071@test.com 
2302,SDZ35%2FBecctlx5qBlfsYdA%3D%3D, 30mayloadtestlive3072@test.com 
2303,HwAko5N46tblzjdB63kqhg%3D%3D, 30mayloadtestlive3073@test.com 
2304,N56LDItSvkfZvCi2xEtzyA%3D%3D, 30mayloadtestlive3074@test.com 
2305,N2Vmhc1toQ0fgc5tGYAZcQ%3D%3D, 30mayloadtestlive3075@test.com 
2306,B0bnC9SBhZUuRSlQ8fsvDQ%3D%3D, 30mayloadtestlive3076@test.com 
2307,4jQ9Myt3ZjvooEdAJ7fvAQ%3D%3D, 30mayloadtestlive3077@test.com 
2308,qJk3RFVI5FqvSXiV6rpa6Q%3D%3D, 30mayloadtestlive3078@test.com 
2309,UdJxsy2qJki4AcQjAhhRJA%3D%3D, 30mayloadtestlive3079@test.com 
2310,p8tGshN%2BEX4zwGKJAQJudA%3D%3D, 30mayloadtestlive307@test.com  
2311,%2FwjNaDL9ahqJf%2Bjgx0s%2FOg%3D%3D, 30mayloadtestlive3080@test.com 
2312,kUBO%2BNGCnYCUMy5vVni%2BRQ%3D%3D, 30mayloadtestlive3081@test.com 
2313,duO3YLlleryOV41pEN6bow%3D%3D, 30mayloadtestlive3082@test.com 
2314,GYityvyWjQs%2BiVsfdX2Wzg%3D%3D, 30mayloadtestlive3083@test.com 
2315,faTV%2FFVTDRgLRtAq9GgAzg%3D%3D, 30mayloadtestlive3084@test.com 
2316,celeztjr1ygQ1qcn70eujQ%3D%3D, 30mayloadtestlive3085@test.com 
2317,kTaGFZpCvdCluT9okLpB1A%3D%3D, 30mayloadtestlive3086@test.com 
2318,C6HBEH23tnlg7xlPsud7Kg%3D%3D, 30mayloadtestlive3087@test.com 
2319,Q95OKaRI0zaN%2BJB2dICfYg%3D%3D, 30mayloadtestlive3088@test.com 
2320,qFuYAU4pmw%2BrNDn768aFzg%3D%3D, 30mayloadtestlive3089@test.com 
2321,tVty%2FI9xCj%2BwuQWBDMk%2FJw%3D%3D, 30mayloadtestlive308@test.com  
2322,%2BNz507RzxJZ7gxGHywJe5Q%3D%3D, 30mayloadtestlive3090@test.com 
2323,ErutsbFLJElAfGyluXTOLw%3D%3D, 30mayloadtestlive3091@test.com 
2324,uuGUEmeV8ILR7hVurqV57Q%3D%3D, 30mayloadtestlive3092@test.com 
2325,RefHpO5i3d3h%2FZhsJquS1w%3D%3D, 30mayloadtestlive3093@test.com 
2326,biRZq47JbXEd9lNmoJ2KYA%3D%3D, 30mayloadtestlive3094@test.com 
2327,A2R771xwqbI75Cy4%2FpZ%2FBQ%3D%3D, 30mayloadtestlive3095@test.com 
2328,qz2rUejQ3Y8o5MfRi2F1Lw%3D%3D, 30mayloadtestlive3096@test.com 
2329,fiN9YWXx4jh4TMxHLILbJA%3D%3D, 30mayloadtestlive3097@test.com 
2330,%2BT48xrYb9AcoYSrYIXXmHw%3D%3D, 30mayloadtestlive3098@test.com 
2331,0bQZTyJp2hMcf7lOxsv%2FkQ%3D%3D, 30mayloadtestlive3099@test.com 
2332,4ad5bAHp17ogay7FFjMEww%3D%3D, 30mayloadtestlive309@test.com  
2333,5kqIeauUS8yfo%2BLFyU2vhA%3D%3D, 30mayloadtestlive30@test.com   
2334,PviZrt0sDyDLHqx23hSo%2Bg%3D%3D, 30mayloadtestlive3100@test.com 
2335,7ZKxNi%2FtvuqUZ0aR%2F9UE7w%3D%3D, 30mayloadtestlive3101@test.com 
2336,i2ddpg8WAxTQrfBP3OyhSg%3D%3D, 30mayloadtestlive3102@test.com 
2337,86ll0rzWwB4SmFmwdmSKSg%3D%3D, 30mayloadtestlive3103@test.com 
2338,asjkYj0H%2FPSgsVJsT0iyvA%3D%3D, 30mayloadtestlive3104@test.com 
2339,ccOU08kWe0SOBts6LvfMng%3D%3D, 30mayloadtestlive3105@test.com 
2340,1BesIoOLX3WcaAw00hAZYg%3D%3D, 30mayloadtestlive3106@test.com 
2341,5NL7kpUFjcvJeLC1JfgTag%3D%3D, 30mayloadtestlive3107@test.com 
2342,q8PxX2b9dlV364hTRmKrDw%3D%3D, 30mayloadtestlive3108@test.com 
2343,WrYg3YZu1Wv4ONitDFXE%2Fw%3D%3D, 30mayloadtestlive3109@test.com 
2344,89AGMwdMjOdTHIfz5CXR9Q%3D%3D, 30mayloadtestlive310@test.com  
2345,SYACWTdRkK0PptIhNP%2Bi5Q%3D%3D, 30mayloadtestlive3110@test.com 
2346,V46Xg2pO21UsFrmkJAnpcQ%3D%3D, 30mayloadtestlive3111@test.com 
2347,jzgyQ3fwlwv5iPnPPYGumw%3D%3D, 30mayloadtestlive3112@test.com 
2348,G2E%2FqyGAyo4akFCJlAeMEg%3D%3D, 30mayloadtestlive3113@test.com 
2349,P3zkl4wZnqB6yXnEEyGerA%3D%3D, 30mayloadtestlive3114@test.com 
2350,RHPFkf2wgi3k1xNgjkRtdg%3D%3D, 30mayloadtestlive3115@test.com 
2351,gTywCo45NxC5V3k1Y3NHMA%3D%3D, 30mayloadtestlive3116@test.com 
2352,zbzo8tpMkUYpxRum7jbe7Q%3D%3D, 30mayloadtestlive3117@test.com 
2353,BNwbYLjuXVoLGw6yX6S0tw%3D%3D, 30mayloadtestlive3118@test.com 
2354,U6SUqtloPLrCUhgjMkbLtw%3D%3D, 30mayloadtestlive3119@test.com 
2355,1%2BOoJRu6jDrVgaLSTZhG3A%3D%3D, 30mayloadtestlive311@test.com  
2356,scCivRILqRfBl0Y%2BXTI%2B5Q%3D%3D, 30mayloadtestlive3120@test.com 
2357,DUl9SJfw5IOeecHeghHXQA%3D%3D, 30mayloadtestlive3121@test.com 
2358,%2BG9LvXsssQPCfXBZCtrcEg%3D%3D, 30mayloadtestlive3122@test.com 
2359,oaxdfn8vjO4y4oy3Ulh50g%3D%3D, 30mayloadtestlive3123@test.com 
2360,BgeQWnhSsyeeRftlIvxe9w%3D%3D, 30mayloadtestlive3124@test.com 
2361,2TtosTh6BI6w8iwYTeI1NA%3D%3D, 30mayloadtestlive3125@test.com 
2362,q7BtT6BDhq8j9HTRiglR6A%3D%3D, 30mayloadtestlive3126@test.com 
2363,SLIAFjNr9Ljq3xe5tumXXQ%3D%3D, 30mayloadtestlive3127@test.com 
2364,aX5mEksPFEn5mOtSofnAHQ%3D%3D, 30mayloadtestlive3128@test.com 
2365,dw%2B61HIau5RqFr1zStQoQQ%3D%3D, 30mayloadtestlive3129@test.com 
2366,15B3HAJmbwHRFPKKrGftJA%3D%3D, 30mayloadtestlive312@test.com  
2367,q%2FJFjn0zBS0opC8jE72UoQ%3D%3D, 30mayloadtestlive3130@test.com 
2368,hWbHdQLvVGaXJiAwMoLSQA%3D%3D, 30mayloadtestlive3131@test.com 
2369,X6u%2FE5vzAV%2B1%2BQb8AIM29w%3D%3D, 30mayloadtestlive3132@test.com 
2370,ta0esa%2FB9TZ17kWZ2fCVxA%3D%3D, 30mayloadtestlive3133@test.com 
2371,YLTn75SF9zi84p2Dd6MPzQ%3D%3D, 30mayloadtestlive3134@test.com 
2372,mshUSrzOARxSuy7nWd%2Fi%2Fw%3D%3D, 30mayloadtestlive3135@test.com 
2373,PvhCRBavTLgRrPWhdbrvww%3D%3D, 30mayloadtestlive3136@test.com 
2374,%2FkM%2B35pxCZ9MhFqam3BjSw%3D%3D, 30mayloadtestlive3137@test.com 
2375,25As4%2BM%2BARhdPBfl1%2FTG8Q%3D%3D, 30mayloadtestlive3138@test.com 
2376,9%2FQ2r4jOU0wvHniLcNXTZw%3D%3D, 30mayloadtestlive3139@test.com 
2377,UnLTTT2KCQolbYcxXiDOdA%3D%3D, 30mayloadtestlive313@test.com  
2378,h%2Bf5gLDiqb7HZlwsKN4X1Q%3D%3D, 30mayloadtestlive3140@test.com 
2379,8%2FoVxyFme553MXGSeqY1kg%3D%3D, 30mayloadtestlive3141@test.com 
2380,VoI4AwzHM6wKCnens4M%2FSg%3D%3D, 30mayloadtestlive3142@test.com 
2381,J1vZt%2BSR7485OW50jVqhlA%3D%3D, 30mayloadtestlive3143@test.com 
2382,nrQFeh1HyyLkww26b%2B5sVQ%3D%3D, 30mayloadtestlive3144@test.com 
2383,BACGn%2BqumEC6LZPrCMSaGA%3D%3D, 30mayloadtestlive3145@test.com 
2384,YIZ4pTiI%2F3amEUSKAwYC0w%3D%3D, 30mayloadtestlive3146@test.com 
2385,hzGWGD9y2Bku%2FEm3JuVceA%3D%3D, 30mayloadtestlive3147@test.com 
2386,w8itsDUJqWTBmM1QYkUNsA%3D%3D, 30mayloadtestlive3148@test.com 
2387,tu1h%2FBUdYVqtil6eAsXzcw%3D%3D, 30mayloadtestlive3149@test.com 
2388,InURz7VYugZeJEFR0uZLtg%3D%3D, 30mayloadtestlive314@test.com  
2389,wefYFpjBJXhuGlK3naeuVA%3D%3D, 30mayloadtestlive3150@test.com 
2390,Snat9rWsucrYOfILj7xDDQ%3D%3D, 30mayloadtestlive3151@test.com 
2391,eRbc0JncsNv%2Fv03N1DbE0A%3D%3D, 30mayloadtestlive3152@test.com 
2392,C8ZzMf0n8pZ9J%2Fn0xbvvxQ%3D%3D, 30mayloadtestlive3153@test.com 
2393,fyuN380UIKHU0vP67fo%2BwQ%3D%3D, 30mayloadtestlive3154@test.com 
2394,Me4R91LMqDEe%2FjDm53Ch6w%3D%3D, 30mayloadtestlive3155@test.com 
2395,tReURvBnymTV%2BeSEEOtCyQ%3D%3D, 30mayloadtestlive3156@test.com 
2396,bjnzyRlkZueTzhWrXIvfVg%3D%3D, 30mayloadtestlive3157@test.com 
2397,%2BObfdDX%2BS11W05EZLpAIRg%3D%3D, 30mayloadtestlive3158@test.com 
2398,Ma9IuOlTo4dvYFzjSPHWqg%3D%3D, 30mayloadtestlive3159@test.com 
2399,wnPiGOpTLGBUIA7EhRpB%2Fw%3D%3D, 30mayloadtestlive315@test.com  
2400,McixAAI9csxzd1WpqtRm3g%3D%3D, 30mayloadtestlive3160@test.com 
2401,OvJcQf%2BHdB1UWTw%2FiYz88Q%3D%3D, 30mayloadtestlive3161@test.com 
2402,eewzFVpjhdUPWb8LrKjryA%3D%3D, 30mayloadtestlive3162@test.com 
2403,NdMkK5yYioclKfmEDTui5w%3D%3D, 30mayloadtestlive3163@test.com 
2404,JcvaV%2FjdCobb0r2f6hfQog%3D%3D, 30mayloadtestlive3164@test.com 
2405,lAQNux1ikLJOO5zKD4AgPg%3D%3D, 30mayloadtestlive3165@test.com 
2406,iiKMiJ54jdcbHB4CO%2F26DA%3D%3D, 30mayloadtestlive3166@test.com 
2407,ATOTmw26722Kg8UFYStIWA%3D%3D, 30mayloadtestlive3167@test.com 
2408,7h0IuwYEdYVkUV6LKXaZbQ%3D%3D, 30mayloadtestlive3168@test.com 
2409,gGQE3RbqZtTkN6yenNQfUw%3D%3D, 30mayloadtestlive3169@test.com 
2410,coiDliylE%2BZ6TCtsw4WiBA%3D%3D, 30mayloadtestlive316@test.com  
2411,7%2BMLzgM8VsF7MCWLvaJhNg%3D%3D, 30mayloadtestlive3170@test.com 
2412,HXPG6WAnzI9YGJS%2BqQmwqw%3D%3D, 30mayloadtestlive3171@test.com 
2413,YPTefl1CjVaGDY5DvKUuWg%3D%3D, 30mayloadtestlive3172@test.com 
2414,%2BQegH6n9zlkCrC%2BDLiRuog%3D%3D, 30mayloadtestlive3173@test.com 
2415,cujwb%2FOOArhCUKqKKbKgiA%3D%3D, 30mayloadtestlive3174@test.com 
2416,%2FhrXnC4FdEEm%2B6k7LY1pJg%3D%3D, 30mayloadtestlive3175@test.com 
2417,Akise7xJNiHEmDGAAwiiGw%3D%3D, 30mayloadtestlive3176@test.com 
2418,2z%2BzvbA1mMMslhSwf6DZOw%3D%3D, 30mayloadtestlive3177@test.com 
2419,DOYckC5QLshJjPX%2BLWEw7g%3D%3D, 30mayloadtestlive3178@test.com 
2420,jpyHPaA%2B3kPEgROo04U4Tw%3D%3D, 30mayloadtestlive3179@test.com 
2421,1E7NrZpMU%2Fi36cO5oO3Qlw%3D%3D, 30mayloadtestlive317@test.com  
2422,FyXYuUuFd1Q5wfjqJTnMqw%3D%3D, 30mayloadtestlive3180@test.com 
2423,UFEhKCutc9IhGzJpZQN9YQ%3D%3D, 30mayloadtestlive3181@test.com 
2424,h0E27skzu4ipJP1LULYE6A%3D%3D, 30mayloadtestlive3182@test.com 
2425,CrnjzTRxOsBLbJUVgqlXMA%3D%3D, 30mayloadtestlive3183@test.com 
2426,BDdp%2FNAdC3ArmpStkIaf7Q%3D%3D, 30mayloadtestlive3184@test.com 
2427,fFf8qCSh9HJkdM83EBPVYw%3D%3D, 30mayloadtestlive3185@test.com 
2428,HFuyCrRHaxlkdS2eYqLacA%3D%3D, 30mayloadtestlive3186@test.com 
2429,X%2BR0yYMHZJX%2Fxl5oAG6kEg%3D%3D, 30mayloadtestlive3187@test.com 
2430,HK8PODWJkV2IsMsmqxIxyA%3D%3D, 30mayloadtestlive3188@test.com 
2431,bgegtBfG02s07gSRF1A%2FlA%3D%3D, 30mayloadtestlive3189@test.com 
2432,c7cv2vvJo92h1%2Fttd%2FWDQg%3D%3D, 30mayloadtestlive318@test.com  
2433,81FYD8Mm3xivBvEUXzVyzg%3D%3D, 30mayloadtestlive3190@test.com 
2434,29yJ9ncDl8neiRrjgWeVDg%3D%3D, 30mayloadtestlive3191@test.com 
2435,81z3j0U76MTDYa2ATMoAlw%3D%3D, 30mayloadtestlive3192@test.com 
2436,Igtwf8kpgFjcadpypdKFpQ%3D%3D, 30mayloadtestlive3193@test.com 
2437,dtjmPzbBqIc1DqTzwV1OKQ%3D%3D, 30mayloadtestlive3194@test.com 
2438,nKgV5ZXOiNJYJ9%2FP%2FDYMPg%3D%3D, 30mayloadtestlive3195@test.com 
2439,X77Z9R%2BdwaSC%2FhU7FsRvyQ%3D%3D, 30mayloadtestlive3196@test.com 
2440,89HflEtrapXsvBBrfd0ZLQ%3D%3D, 30mayloadtestlive3197@test.com 
2441,5A0sfqTrAf9XrZ0%2FJwF0nQ%3D%3D, 30mayloadtestlive3198@test.com 
2442,opB5KMTeGwFqZxpqjah15Q%3D%3D, 30mayloadtestlive3199@test.com 
2443,83J0XN1zO2Nn82wM6JS9UA%3D%3D, 30mayloadtestlive319@test.com  
2444,9HsVdD2qaS9esZj8Bb%2FLIw%3D%3D, 30mayloadtestlive31@test.com   
2445,SyNJeAcOdj1KyXUwSdHD7A%3D%3D, 30mayloadtestlive3200@test.com 
2446,OpmzBh3iT7lecrLDdwulFQ%3D%3D, 30mayloadtestlive3201@test.com 
2447,DUOTyETxoIDgC1Oc17GV6g%3D%3D, 30mayloadtestlive3202@test.com 
2448,vqvorin4dmSaT%2FERIgFPIg%3D%3D, 30mayloadtestlive3203@test.com 
2449,WK2bmTOjVXN32U7Ph8BLOg%3D%3D, 30mayloadtestlive3204@test.com 
2450,70Wm%2BGvI8xprXmSH9Vk7OQ%3D%3D, 30mayloadtestlive3205@test.com 
2451,k4f2qS7kD33NJvMCTB6NBA%3D%3D, 30mayloadtestlive3206@test.com 
2452,IrnFRhvPjFsu3kb58HnEgw%3D%3D, 30mayloadtestlive3207@test.com 
2453,upE2yhfosdRlGfnhG8Fcsg%3D%3D, 30mayloadtestlive3208@test.com 
2454,X9Lcyo1Am63HKB7luNJbLw%3D%3D, 30mayloadtestlive3209@test.com 
2455,eRCJ1C84BAgJFltEttMWJA%3D%3D, 30mayloadtestlive320@test.com  
2456,HTQkuDWVUFVcAoQhnm7HVg%3D%3D, 30mayloadtestlive3210@test.com 
2457,AR6GyorIAiJf9X0fhDf3BQ%3D%3D, 30mayloadtestlive3211@test.com 
2458,IxYPMXcPyE8ZgVepomaCgw%3D%3D, 30mayloadtestlive3212@test.com 
2459,SBjS6X4qNqRLSwLRG9f0Mg%3D%3D, 30mayloadtestlive3213@test.com 
2460,g%2BAJINi7EoijC6qB7N83FA%3D%3D, 30mayloadtestlive3214@test.com 
2461,ElfULmAYVPIP1oXwnE3FHg%3D%3D, 30mayloadtestlive3215@test.com 
2462,0s9lnmYNJ%2F0So7YxpsDslg%3D%3D, 30mayloadtestlive3216@test.com 
2463,f2v8mCauzsXjxYnTizeBTA%3D%3D, 30mayloadtestlive3217@test.com 
2464,gJYSDEm6cF4BPU%2FGCWq2NA%3D%3D, 30mayloadtestlive3218@test.com 
2465,2bwptJNJxb5RcT22LBQRIg%3D%3D, 30mayloadtestlive3219@test.com 
2466,7E%2BpgrB6R6Ra6pi0HQJtwg%3D%3D, 30mayloadtestlive321@test.com  
2467,B%2BlD0CjqcfnuPPNHgA0XNw%3D%3D, 30mayloadtestlive3220@test.com 
2468,qFC7%2FohSNHz7hZrB6dcaHw%3D%3D, 30mayloadtestlive3221@test.com 
2469,26xd2Zt6pgHy4hE9qUrV4Q%3D%3D, 30mayloadtestlive3222@test.com 
2470,ZxNCZBX%2BRfMOuNhWcv0RZw%3D%3D, 30mayloadtestlive3223@test.com 
2471,JLHJjMSZWpX9vHpPc1QGjA%3D%3D, 30mayloadtestlive3224@test.com 
2472,p5TDx3gr1%2BoDybUtfhe48Q%3D%3D, 30mayloadtestlive3225@test.com 
2473,xAUaOCtImV52DPirdjN0BA%3D%3D, 30mayloadtestlive3226@test.com 
2474,X79LMMNu1YWuAGnicVTbMw%3D%3D, 30mayloadtestlive3227@test.com 
2475,bPVHKUmgJboHEGYWQPvcPQ%3D%3D, 30mayloadtestlive3228@test.com 
2476,w0I5NsbVp4ruFmdkRSG%2FrA%3D%3D, 30mayloadtestlive3229@test.com 
2477,RCAtE6eMfXhTsOrPXKbR%2Fg%3D%3D, 30mayloadtestlive322@test.com  
2478,mObgcx7kzeyMn4CeGcw%2BmQ%3D%3D, 30mayloadtestlive3230@test.com 
2479,8GpRm4%2FdWE0dk4QWiFGoXw%3D%3D, 30mayloadtestlive3231@test.com 
2480,I5cReRHdEJy1iloMKTWb8w%3D%3D, 30mayloadtestlive3232@test.com 
2481,DVBV43CXmuC2eULGyHRZrg%3D%3D, 30mayloadtestlive3233@test.com 
2482,A%2Be0ZnXoZKqKCL%2FJFovYHg%3D%3D, 30mayloadtestlive3234@test.com 
2483,nqE%2B3cALPlTAAejmz39q2w%3D%3D, 30mayloadtestlive3235@test.com 
2484,fF%2FBVE9KlqUIfUxbGkNcBQ%3D%3D, 30mayloadtestlive3236@test.com 
2485,HTXqxtd5a5H2tZ0X2sG7eg%3D%3D, 30mayloadtestlive3237@test.com 
2486,7VW%2FK7v5dalLCECc4ok%2BbQ%3D%3D, 30mayloadtestlive3238@test.com 
2487,U5A42obfh6W7ocBDAlu0DQ%3D%3D, 30mayloadtestlive3239@test.com 
2488,ZQ7HUGLVnygYyWIm2UURuQ%3D%3D, 30mayloadtestlive323@test.com  
2489,t4RS9GL8fI7oilLuBGG%2FVA%3D%3D, 30mayloadtestlive3240@test.com 
2490,8q%2FuhJK6U0Pr4IzcoZYS8Q%3D%3D, 30mayloadtestlive3241@test.com 
2491,bxojkD7mxVoQnW%2B%2BazrkSw%3D%3D, 30mayloadtestlive3242@test.com 
2492,SaHy3WKB%2FdY1w%2FLsCy0Cdg%3D%3D, 30mayloadtestlive3243@test.com 
2493,GrokQ3lm3NfaLgPj1Y0mSQ%3D%3D, 30mayloadtestlive3244@test.com 
2494,MRFB9fjef7OnhyV5PW5WZQ%3D%3D, 30mayloadtestlive3245@test.com 
2495,lsK3%2BdEuNc8HLBGvz%2BMw7Q%3D%3D, 30mayloadtestlive3246@test.com 
2496,AcALzXUT2xYjd%2FXGQNW71w%3D%3D, 30mayloadtestlive3247@test.com 
2497,z4sXiGvgzCwjEsiDzjMT5Q%3D%3D, 30mayloadtestlive3248@test.com 
2498,KFgWHuiZCDkD1fPa9ar27Q%3D%3D, 30mayloadtestlive3249@test.com 
2499,QXlMbHM%2FyyWlG3mGX6TiYQ%3D%3D, 30mayloadtestlive324@test.com  
2500,RUxq91EssC%2B2xdVx9Qi8Fg%3D%3D, 30mayloadtestlive3250@test.com